Site ID,BT27/5037
Site Name,Lyell Ck II
Site ID,SampleID,Collection Date,Measurement,Value,Units
"BT27/5037","20242302","12-Mar 2024 13:10pm","Alkalinity, Total","192.0","g/m3 as CaCO3"
"BT27/5037","20242302","12-Mar 2024 13:10pm","Bicarbonate","230.000","mg/L  at 25°C"
"BT27/5037","20242302","12-Mar 2024 13:10pm","Calcium, Dissolved","42.000","mg/L"
"BT27/5037","20242302","12-Mar 2024 13:10pm","Chloride","5.700","mg/L"
"BT27/5037","20242302","12-Mar 2024 13:10pm","Conductivity","37.2","mS/m"
"BT27/5037","20242302","12-Mar 2024 13:10pm","Conductivity (Field)","37.38","mS/m"
"BT27/5037","20242302","12-Mar 2024 13:10pm","Difference in Ion Balance","4.300","%"
"BT27/5037","20242302","12-Mar 2024 13:10pm","Dissolved Oxygen","-0.060","mg/L"
"BT27/5037","20242302","12-Mar 2024 13:10pm","Dissolved Oxygen Saturation","-0.600","%"
"BT27/5037","20242302","12-Mar 2024 13:10pm","E. coli","<1","MPN/100mL"
"BT27/5037","20242302","12-Mar 2024 13:10pm","Hardness, Total","151.000","g/m3 as CaCO3"
"BT27/5037","20242302","12-Mar 2024 13:10pm","Magnesium, Dissolved","10.900","mg/L"
"BT27/5037","20242302","12-Mar 2024 13:10pm","Nitrate Nitrogen","<0.050","mg/L"
"BT27/5037","20242302","12-Mar 2024 13:10pm","Oxidation Reduction Potential","-133.800","mV"
"BT27/5037","20242302","12-Mar 2024 13:10pm","pH","7.5",""
"BT27/5037","20242302","12-Mar 2024 13:10pm","pH (Field)","6.94",""
"BT27/5037","20242302","12-Mar 2024 13:10pm","Potassium, Dissolved","1.200","mg/L"
"BT27/5037","20242302","12-Mar 2024 13:10pm","Silica, Reactive","34.000","mg/L  as SiO2"
"BT27/5037","20242302","12-Mar 2024 13:10pm","Sodium, Dissolved","30.000","mg/L"
"BT27/5037","20242302","12-Mar 2024 13:10pm","Sulphate","<0.500","mg/L"
"BT27/5037","20242302","12-Mar 2024 13:10pm","Sum of anions","4.000","meq/L"
"BT27/5037","20242302","12-Mar 2024 13:10pm","Sum of cations","4.400","meq/L"
"BT27/5037","20242302","12-Mar 2024 13:10pm","Total Coliforms","<1.00","number/100mL"
"BT27/5037","20242302","12-Mar 2024 13:10pm","Water Temperature (Field)","12.8","C"
"BT27/5037","20237431","11-Dec 2023 13:20pm","Alkalinity, Total","188.0","g/m3 as CaCO3"
"BT27/5037","20237431","11-Dec 2023 13:20pm","Bicarbonate","230.000","mg/L  at 25°C"
"BT27/5037","20237431","11-Dec 2023 13:20pm","Calcium, Dissolved","41.000","mg/L"
"BT27/5037","20237431","11-Dec 2023 13:20pm","Chloride","5.500","mg/L"
"BT27/5037","20237431","11-Dec 2023 13:20pm","Conductivity","36.5","mS/m"
"BT27/5037","20237431","11-Dec 2023 13:20pm","Conductivity (Field)","36.83","mS/m"
"BT27/5037","20237431","11-Dec 2023 13:20pm","Difference in Ion Balance","3.500","%"
"BT27/5037","20237431","11-Dec 2023 13:20pm","Dissolved Oxygen","-0.060","mg/L"
"BT27/5037","20237431","11-Dec 2023 13:20pm","Dissolved Oxygen Saturation","-0.500","%"
"BT27/5037","20237431","11-Dec 2023 13:20pm","E. coli","<1","MPN/100mL"
"BT27/5037","20237431","11-Dec 2023 13:20pm","Hardness, Total","147.000","g/m3 as CaCO3"
"BT27/5037","20237431","11-Dec 2023 13:20pm","Magnesium, Dissolved","10.600","mg/L"
"BT27/5037","20237431","11-Dec 2023 13:20pm","Nitrate Nitrogen","<0.050","mg/L"
"BT27/5037","20237431","11-Dec 2023 13:20pm","Oxidation Reduction Potential","-103.900","mV"
"BT27/5037","20237431","11-Dec 2023 13:20pm","pH","7.6",""
"BT27/5037","20237431","11-Dec 2023 13:20pm","pH (Field)","6.92",""
"BT27/5037","20237431","11-Dec 2023 13:20pm","Potassium, Dissolved","1.180","mg/L"
"BT27/5037","20237431","11-Dec 2023 13:20pm","Silica, Reactive","34.000","mg/L  as SiO2"
"BT27/5037","20237431","11-Dec 2023 13:20pm","Sodium, Dissolved","28.000","mg/L"
"BT27/5037","20237431","11-Dec 2023 13:20pm","Sulphate","<0.500","mg/L"
"BT27/5037","20237431","11-Dec 2023 13:20pm","Sum of anions","3.900","meq/L"
"BT27/5037","20237431","11-Dec 2023 13:20pm","Sum of cations","4.200","meq/L"
"BT27/5037","20237431","11-Dec 2023 13:20pm","Total Coliforms","<1.00","number/100mL"
"BT27/5037","20237431","11-Dec 2023 13:20pm","Water Temperature (Field)","12.7","C"
"BT27/5037","20235435","12-Sep 2023 13:30pm","Alkalinity, Total","190.0","g/m3 as CaCO3"
"BT27/5037","20235435","12-Sep 2023 13:30pm","Aluminium, Dissolved","0.003","mg/L"
"BT27/5037","20235435","12-Sep 2023 13:30pm","Ammoniacal Nitrogen","0.330","mg/L"
"BT27/5037","20235435","12-Sep 2023 13:30pm","Arsenic, Dissolved","0.0560","mg/L"
"BT27/5037","20235435","12-Sep 2023 13:30pm","Bicarbonate","230.000","mg/L  at 25°C"
"BT27/5037","20235435","12-Sep 2023 13:30pm","Calcium, Dissolved","39.000","mg/L"
"BT27/5037","20235435","12-Sep 2023 13:30pm","Chloride","6.000","mg/L"
"BT27/5037","20235435","12-Sep 2023 13:30pm","Conductivity","37.2","mS/m"
"BT27/5037","20235435","12-Sep 2023 13:30pm","Conductivity (Field)","36.04","mS/m"
"BT27/5037","20235435","12-Sep 2023 13:30pm","Difference in Ion Balance","0.820","%"
"BT27/5037","20235435","12-Sep 2023 13:30pm","Dissolved Oxygen","-0.030","mg/L"
"BT27/5037","20235435","12-Sep 2023 13:30pm","Dissolved Oxygen Saturation","-0.300","%"
"BT27/5037","20235435","12-Sep 2023 13:30pm","Dissolved Reactive Phosphorus","1.3800","mg/L"
"BT27/5037","20235435","12-Sep 2023 13:30pm","E. coli","<1","MPN/100mL"
"BT27/5037","20235435","12-Sep 2023 13:30pm","Hardness, Total","136.000","g/m3 as CaCO3"
"BT27/5037","20235435","12-Sep 2023 13:30pm","Iron, Dissolved","1.490","mg/L"
"BT27/5037","20235435","12-Sep 2023 13:30pm","Magnesium, Dissolved","9.400","mg/L"
"BT27/5037","20235435","12-Sep 2023 13:30pm","Manganese, Dissolved","0.5900","mg/L"
"BT27/5037","20235435","12-Sep 2023 13:30pm","Nitrate Nitrogen","<0.020","mg/L"
"BT27/5037","20235435","12-Sep 2023 13:30pm","Nitrate-N Nitrite-N","<0.020","g/m3"
"BT27/5037","20235435","12-Sep 2023 13:30pm","Nitrite Nitrogen","<0.015","mg/L"
"BT27/5037","20235435","12-Sep 2023 13:30pm","Oxidation Reduction Potential","-111.800","mV"
"BT27/5037","20235435","12-Sep 2023 13:30pm","pH","7.8",""
"BT27/5037","20235435","12-Sep 2023 13:30pm","pH (Field)","7.00",""
"BT27/5037","20235435","12-Sep 2023 13:30pm","Potassium, Dissolved","1.110","mg/L"
"BT27/5037","20235435","12-Sep 2023 13:30pm","Silica, Reactive","34.000","mg/L  as SiO2"
"BT27/5037","20235435","12-Sep 2023 13:30pm","Sodium, Dissolved","27.000","mg/L"
"BT27/5037","20235435","12-Sep 2023 13:30pm","Sulphate","<0.500","mg/L"
"BT27/5037","20235435","12-Sep 2023 13:30pm","Sum of anions","4.100","meq/L"
"BT27/5037","20235435","12-Sep 2023 13:30pm","Sum of cations","4.000","meq/L"
"BT27/5037","20235435","12-Sep 2023 13:30pm","Total Coliforms","<1.00","number/100mL"
"BT27/5037","20235435","12-Sep 2023 13:30pm","Total Dissolved Phosphorus","1.420","mg/L"
"BT27/5037","20235435","12-Sep 2023 13:30pm","Water Temperature (Field)","12.7","C"
"BT27/5037","20234048","13-Jun 2023 13:45pm","Alkalinity, Total","190.0","g/m3 as CaCO3"
"BT27/5037","20234048","13-Jun 2023 13:45pm","Bicarbonate","230.000","mg/L  at 25°C"
"BT27/5037","20234048","13-Jun 2023 13:45pm","Calcium, Dissolved","37.000","mg/L"
"BT27/5037","20234048","13-Jun 2023 13:45pm","Chloride","6.000","mg/L"
"BT27/5037","20234048","13-Jun 2023 13:45pm","Conductivity","36.5","mS/m"
"BT27/5037","20234048","13-Jun 2023 13:45pm","Conductivity (Field)","36.31","mS/m"
"BT27/5037","20234048","13-Jun 2023 13:45pm","Difference in Ion Balance","0.180","%"
"BT27/5037","20234048","13-Jun 2023 13:45pm","Dissolved Oxygen","-0.060","mg/L"
"BT27/5037","20234048","13-Jun 2023 13:45pm","Dissolved Oxygen Saturation","-0.500","%"
"BT27/5037","20234048","13-Jun 2023 13:45pm","E. coli","<1","MPN/100mL"
"BT27/5037","20234048","13-Jun 2023 13:45pm","Hardness, Total","134.000","g/m3 as CaCO3"
"BT27/5037","20234048","13-Jun 2023 13:45pm","Magnesium, Dissolved","9.900","mg/L"
"BT27/5037","20234048","13-Jun 2023 13:45pm","Nitrate Nitrogen","<0.050","mg/L"
"BT27/5037","20234048","13-Jun 2023 13:45pm","Oxidation Reduction Potential","-108.200","mV"
"BT27/5037","20234048","13-Jun 2023 13:45pm","pH","7.7",""
"BT27/5037","20234048","13-Jun 2023 13:45pm","pH (Field)","7.06",""
"BT27/5037","20234048","13-Jun 2023 13:45pm","Potassium, Dissolved","1.130","mg/L"
"BT27/5037","20234048","13-Jun 2023 13:45pm","Silica, Reactive","35.000","mg/L  as SiO2"
"BT27/5037","20234048","13-Jun 2023 13:45pm","Sodium, Dissolved","28.000","mg/L"
"BT27/5037","20234048","13-Jun 2023 13:45pm","Sulphate","<0.500","mg/L"
"BT27/5037","20234048","13-Jun 2023 13:45pm","Sum of anions","4.000","meq/L"
"BT27/5037","20234048","13-Jun 2023 13:45pm","Sum of cations","3.900","meq/L"
"BT27/5037","20234048","13-Jun 2023 13:45pm","Total Coliforms","<1.00","number/100mL"
"BT27/5037","20234048","13-Jun 2023 13:45pm","Water Temperature (Field)","12.5","C"
"BT27/5037","20232466","14-Mar 2023 12:40pm","Alkalinity, Total","190.0","g/m3 as CaCO3"
"BT27/5037","20232466","14-Mar 2023 12:40pm","Bicarbonate","230.000","mg/L  at 25°C"
"BT27/5037","20232466","14-Mar 2023 12:40pm","Calcium, Dissolved","39.000","mg/L"
"BT27/5037","20232466","14-Mar 2023 12:40pm","Chloride","5.700","mg/L"
"BT27/5037","20232466","14-Mar 2023 12:40pm","Conductivity","37.1","mS/m"
"BT27/5037","20232466","14-Mar 2023 12:40pm","Conductivity (Field)","31.66","mS/m"
"BT27/5037","20232466","14-Mar 2023 12:40pm","Difference in Ion Balance","0.310","%"
"BT27/5037","20232466","14-Mar 2023 12:40pm","Dissolved Oxygen","-0.050","mg/L"
"BT27/5037","20232466","14-Mar 2023 12:40pm","Dissolved Oxygen Saturation","-0.500","%"
"BT27/5037","20232466","14-Mar 2023 12:40pm","E. coli","<1","MPN/100mL"
"BT27/5037","20232466","14-Mar 2023 12:40pm","Hardness, Total","138.000","g/m3 as CaCO3"
"BT27/5037","20232466","14-Mar 2023 12:40pm","Magnesium, Dissolved","9.800","mg/L"
"BT27/5037","20232466","14-Mar 2023 12:40pm","Nitrate Nitrogen","<0.050","mg/L"
"BT27/5037","20232466","14-Mar 2023 12:40pm","Oxidation Reduction Potential","-116.400","mV"
"BT27/5037","20232466","14-Mar 2023 12:40pm","pH","7.7",""
"BT27/5037","20232466","14-Mar 2023 12:40pm","pH (Field)","6.97",""
"BT27/5037","20232466","14-Mar 2023 12:40pm","Potassium, Dissolved","1.100","mg/L"
"BT27/5037","20232466","14-Mar 2023 12:40pm","Silica, Reactive","34.000","mg/L  as SiO2"
"BT27/5037","20232466","14-Mar 2023 12:40pm","Sodium, Dissolved","28.000","mg/L"
"BT27/5037","20232466","14-Mar 2023 12:40pm","Sulphate","<0.500","mg/L"
"BT27/5037","20232466","14-Mar 2023 12:40pm","Sum of anions","4.000","meq/L"
"BT27/5037","20232466","14-Mar 2023 12:40pm","Sum of cations","4.000","meq/L"
"BT27/5037","20232466","14-Mar 2023 12:40pm","Total Coliforms","<1.00","number/100mL"
"BT27/5037","20232466","14-Mar 2023 12:40pm","Water Temperature (Field)","12.8","C"
"BT27/5037","20227852","19-Dec 2022 14:40pm","Alkalinity, Total","193.0","g/m3 as CaCO3"
"BT27/5037","20227852","19-Dec 2022 14:40pm","Bicarbonate","230.000","mg/L  at 25°C"
"BT27/5037","20227852","19-Dec 2022 14:40pm","Calcium, Dissolved","39.000","mg/L"
"BT27/5037","20227852","19-Dec 2022 14:40pm","Chloride","5.700","mg/L"
"BT27/5037","20227852","19-Dec 2022 14:40pm","Conductivity","36.7","mS/m"
"BT27/5037","20227852","19-Dec 2022 14:40pm","Conductivity (Field)","36.20","mS/m"
"BT27/5037","20227852","19-Dec 2022 14:40pm","Difference in Ion Balance","<0.100","%"
"BT27/5037","20227852","19-Dec 2022 14:40pm","Dissolved Oxygen","0.130","mg/L"
"BT27/5037","20227852","19-Dec 2022 14:40pm","Dissolved Oxygen Saturation","1.200","%"
"BT27/5037","20227852","19-Dec 2022 14:40pm","E. coli","<1","MPN/100mL"
"BT27/5037","20227852","19-Dec 2022 14:40pm","Hardness, Total","138.000","g/m3 as CaCO3"
"BT27/5037","20227852","19-Dec 2022 14:40pm","Magnesium, Dissolved","10.000","mg/L"
"BT27/5037","20227852","19-Dec 2022 14:40pm","Nitrate Nitrogen","<0.050","mg/L"
"BT27/5037","20227852","19-Dec 2022 14:40pm","Oxidation Reduction Potential","-132.500","mV"
"BT27/5037","20227852","19-Dec 2022 14:40pm","pH","8.3",""
"BT27/5037","20227852","19-Dec 2022 14:40pm","pH (Field)","7.03",""
"BT27/5037","20227852","19-Dec 2022 14:40pm","Potassium, Dissolved","1.120","mg/L"
"BT27/5037","20227852","19-Dec 2022 14:40pm","Silica, Reactive","36.000","mg/L  as SiO2"
"BT27/5037","20227852","19-Dec 2022 14:40pm","Sodium, Dissolved","28.000","mg/L"
"BT27/5037","20227852","19-Dec 2022 14:40pm","Sulphate","<0.500","mg/L"
"BT27/5037","20227852","19-Dec 2022 14:40pm","Sum of anions","4.000","meq/L"
"BT27/5037","20227852","19-Dec 2022 14:40pm","Sum of cations","4.000","meq/L"
"BT27/5037","20227852","19-Dec 2022 14:40pm","Total Coliforms","1.00","number/100mL"
"BT27/5037","20227852","19-Dec 2022 14:40pm","Water Temperature (Field)","12.7","C"
"BT27/5037","20225569","27-Sep 2022 15:00pm","Alkalinity, Total","187.0","g/m3 as CaCO3"
"BT27/5037","20225569","27-Sep 2022 15:00pm","Ammoniacal Nitrogen","0.340","mg/L"
"BT27/5037","20225569","27-Sep 2022 15:00pm","Arsenic, Dissolved","0.0590","mg/L"
"BT27/5037","20225569","27-Sep 2022 15:00pm","Bicarbonate","230.000","mg/L  at 25°C"
"BT27/5037","20225569","27-Sep 2022 15:00pm","Calcium, Dissolved","39.000","mg/L"
"BT27/5037","20225569","27-Sep 2022 15:00pm","Chloride","5.800","mg/L"
"BT27/5037","20225569","27-Sep 2022 15:00pm","Conductivity","36.9","mS/m"
"BT27/5037","20225569","27-Sep 2022 15:00pm","Conductivity (Field)","35.80","mS/m"
"BT27/5037","20225569","27-Sep 2022 15:00pm","Difference in Ion Balance","0.980","%"
"BT27/5037","20225569","27-Sep 2022 15:00pm","Dissolved Oxygen","-0.010","mg/L"
"BT27/5037","20225569","27-Sep 2022 15:00pm","Dissolved Oxygen Saturation","-0.100","%"
"BT27/5037","20225569","27-Sep 2022 15:00pm","Dissolved Reactive Phosphorus","1.3300","mg/L"
"BT27/5037","20225569","27-Sep 2022 15:00pm","E. coli","<1","MPN/100mL"
"BT27/5037","20225569","27-Sep 2022 15:00pm","Hardness, Total","139.000","g/m3 as CaCO3"
"BT27/5037","20225569","27-Sep 2022 15:00pm","Iron, Dissolved","1.480","mg/L"
"BT27/5037","20225569","27-Sep 2022 15:00pm","Magnesium, Dissolved","10.100","mg/L"
"BT27/5037","20225569","27-Sep 2022 15:00pm","Manganese, Dissolved","0.6200","mg/L"
"BT27/5037","20225569","27-Sep 2022 15:00pm","Nitrate Nitrogen","0.002","mg/L"
"BT27/5037","20225569","27-Sep 2022 15:00pm","Nitrate-N Nitrite-N","0.006","g/m3"
"BT27/5037","20225569","27-Sep 2022 15:00pm","Nitrite Nitrogen","0.004","mg/L"
"BT27/5037","20225569","27-Sep 2022 15:00pm","Oxidation Reduction Potential","-54.200","mV"
"BT27/5037","20225569","27-Sep 2022 15:00pm","pH","7.7",""
"BT27/5037","20225569","27-Sep 2022 15:00pm","pH (Field)","6.84",""
"BT27/5037","20225569","27-Sep 2022 15:00pm","Potassium, Dissolved","1.110","mg/L"
"BT27/5037","20225569","27-Sep 2022 15:00pm","Silica, Reactive","34.000","mg/L  as SiO2"
"BT27/5037","20225569","27-Sep 2022 15:00pm","Sodium, Dissolved","28.000","mg/L"
"BT27/5037","20225569","27-Sep 2022 15:00pm","Sulphate","<0.500","mg/L"
"BT27/5037","20225569","27-Sep 2022 15:00pm","Sum of anions","4.000","meq/L"
"BT27/5037","20225569","27-Sep 2022 15:00pm","Sum of cations","4.100","meq/L"
"BT27/5037","20225569","27-Sep 2022 15:00pm","Total Coliforms","<1.00","number/100mL"
"BT27/5037","20225569","27-Sep 2022 15:00pm","Total Dissolved Phosphorus","1.230","mg/L"
"BT27/5037","20225569","27-Sep 2022 15:00pm","Water Temperature (Field)","12.6","C"
"BT27/5037","20224112","27-Jun 2022 16:05pm","Alkalinity, Total","188.0","g/m3 as CaCO3"
"BT27/5037","20224112","27-Jun 2022 16:05pm","Bicarbonate","230.000","mg/L  at 25°C"
"BT27/5037","20224112","27-Jun 2022 16:05pm","Calcium, Dissolved","41.000","mg/L"
"BT27/5037","20224112","27-Jun 2022 16:05pm","Chloride","6.200","mg/L"
"BT27/5037","20224112","27-Jun 2022 16:05pm","Conductivity","37.0","mS/m"
"BT27/5037","20224112","27-Jun 2022 16:05pm","Conductivity (Field)","35.50","mS/m"
"BT27/5037","20224112","27-Jun 2022 16:05pm","Difference in Ion Balance","3.200","%"
"BT27/5037","20224112","27-Jun 2022 16:05pm","Dissolved Oxygen","0.020","mg/L"
"BT27/5037","20224112","27-Jun 2022 16:05pm","Dissolved Oxygen Saturation","0.200","%"
"BT27/5037","20224112","27-Jun 2022 16:05pm","Hardness, Total","145.000","g/m3 as CaCO3"
"BT27/5037","20224112","27-Jun 2022 16:05pm","Magnesium, Dissolved","10.400","mg/L"
"BT27/5037","20224112","27-Jun 2022 16:05pm","Nitrate Nitrogen","<0.050","mg/L"
"BT27/5037","20224112","27-Jun 2022 16:05pm","Oxidation Reduction Potential","126.700","mV"
"BT27/5037","20224112","27-Jun 2022 16:05pm","pH","8.1",""
"BT27/5037","20224112","27-Jun 2022 16:05pm","pH (Field)","6.98",""
"BT27/5037","20224112","27-Jun 2022 16:05pm","Potassium, Dissolved","1.110","mg/L"
"BT27/5037","20224112","27-Jun 2022 16:05pm","Silica, Reactive","33.000","mg/L  as SiO2"
"BT27/5037","20224112","27-Jun 2022 16:05pm","Sodium, Dissolved","29.000","mg/L"
"BT27/5037","20224112","27-Jun 2022 16:05pm","Sulphate","<0.500","mg/L"
"BT27/5037","20224112","27-Jun 2022 16:05pm","Sum of anions","3.900","meq/L"
"BT27/5037","20224112","27-Jun 2022 16:05pm","Sum of cations","4.200","meq/L"
"BT27/5037","20224112","27-Jun 2022 16:05pm","Water Temperature (Field)","12.5","C"
"BT27/5037","20222629","30-Mar 2022 11:40am","Alkalinity, Total","188.0","g/m3 as CaCO3"
"BT27/5037","20222629","30-Mar 2022 11:40am","Bicarbonate","230.000","mg/L  at 25°C"
"BT27/5037","20222629","30-Mar 2022 11:40am","Calcium, Dissolved","38.000","mg/L"
"BT27/5037","20222629","30-Mar 2022 11:40am","Chloride","6.000","mg/L"
"BT27/5037","20222629","30-Mar 2022 11:40am","Conductivity","36.4","mS/m"
"BT27/5037","20222629","30-Mar 2022 11:40am","Conductivity (Field)","36.50","mS/m"
"BT27/5037","20222629","30-Mar 2022 11:40am","Difference in Ion Balance","1.360","%"
"BT27/5037","20222629","30-Mar 2022 11:40am","Dissolved Oxygen","0.010","mg/L"
"BT27/5037","20222629","30-Mar 2022 11:40am","Dissolved Oxygen Saturation","0.100","%"
"BT27/5037","20222629","30-Mar 2022 11:40am","E. coli","<1","MPN/100mL"
"BT27/5037","20222629","30-Mar 2022 11:40am","Hardness, Total","137.000","g/m3 as CaCO3"
"BT27/5037","20222629","30-Mar 2022 11:40am","Magnesium, Dissolved","10.300","mg/L"
"BT27/5037","20222629","30-Mar 2022 11:40am","Nitrate Nitrogen","<0.050","mg/L"
"BT27/5037","20222629","30-Mar 2022 11:40am","Oxidation Reduction Potential","-196.100","mV"
"BT27/5037","20222629","30-Mar 2022 11:40am","pH","7.9",""
"BT27/5037","20222629","30-Mar 2022 11:40am","pH (Field)","7.04",""
"BT27/5037","20222629","30-Mar 2022 11:40am","Potassium, Dissolved","1.120","mg/L"
"BT27/5037","20222629","30-Mar 2022 11:40am","Silica, Reactive","32.000","mg/L  as SiO2"
"BT27/5037","20222629","30-Mar 2022 11:40am","Sodium, Dissolved","29.000","mg/L"
"BT27/5037","20222629","30-Mar 2022 11:40am","Sulphate","<0.500","mg/L"
"BT27/5037","20222629","30-Mar 2022 11:40am","Sum of anions","3.900","meq/L"
"BT27/5037","20222629","30-Mar 2022 11:40am","Sum of cations","4.000","meq/L"
"BT27/5037","20222629","30-Mar 2022 11:40am","Total Coliforms","<1.00","number/100mL"
"BT27/5037","20222629","30-Mar 2022 11:40am","Water Temperature (Field)","13.2","C"
"BT27/5037","20218037","14-Dec 2021 11:52am","Alkalinity, Total","185.0","g/m3 as CaCO3"
"BT27/5037","20218037","14-Dec 2021 11:52am","Bicarbonate","220.000","mg/L  at 25°C"
"BT27/5037","20218037","14-Dec 2021 11:52am","Calcium, Dissolved","38.000","mg/L"
"BT27/5037","20218037","14-Dec 2021 11:52am","Chloride","5.800","mg/L"
"BT27/5037","20218037","14-Dec 2021 11:52am","Conductivity","35.9","mS/m"
"BT27/5037","20218037","14-Dec 2021 11:52am","Conductivity (Field)","38.67","mS/m"
"BT27/5037","20218037","14-Dec 2021 11:52am","Difference in Ion Balance","0.410","%"
"BT27/5037","20218037","14-Dec 2021 11:52am","Dissolved Oxygen","0.170","mg/L"
"BT27/5037","20218037","14-Dec 2021 11:52am","Dissolved Oxygen Saturation","1.700","%"
"BT27/5037","20218037","14-Dec 2021 11:52am","E. coli","<1","MPN/100mL"
"BT27/5037","20218037","14-Dec 2021 11:52am","Hardness, Total","135.000","g/m3 as CaCO3"
"BT27/5037","20218037","14-Dec 2021 11:52am","Magnesium, Dissolved","9.400","mg/L"
"BT27/5037","20218037","14-Dec 2021 11:52am","Nitrate Nitrogen","0.070","mg/L"
"BT27/5037","20218037","14-Dec 2021 11:52am","Oxidation Reduction Potential","-212.100","mV"
"BT27/5037","20218037","14-Dec 2021 11:52am","pH","7.9",""
"BT27/5037","20218037","14-Dec 2021 11:52am","pH (Field)","7.43",""
"BT27/5037","20218037","14-Dec 2021 11:52am","Potassium, Dissolved","1.120","mg/L"
"BT27/5037","20218037","14-Dec 2021 11:52am","Silica, Reactive","32.000","mg/L  as SiO2"
"BT27/5037","20218037","14-Dec 2021 11:52am","Sodium, Dissolved","27.000","mg/L"
"BT27/5037","20218037","14-Dec 2021 11:52am","Sulphate","<0.500","mg/L"
"BT27/5037","20218037","14-Dec 2021 11:52am","Sum of anions","3.900","meq/L"
"BT27/5037","20218037","14-Dec 2021 11:52am","Sum of cations","3.900","meq/L"
"BT27/5037","20218037","14-Dec 2021 11:52am","Total Coliforms","<1.00","number/100mL"
"BT27/5037","20218037","14-Dec 2021 11:52am","Water Temperature (Field)","13.6","C"
"BT27/5037","20215372","21-Sep 2021 07:45am","Alkalinity, Total","190.0","g/m3 as CaCO3"
"BT27/5037","20215372","21-Sep 2021 07:45am","Ammoniacal Nitrogen","0.310","mg/L"
"BT27/5037","20215372","21-Sep 2021 07:45am","Bicarbonate","230.000","mg/L  at 25°C"
"BT27/5037","20215372","21-Sep 2021 07:45am","Calcium, Dissolved","39.000","mg/L"
"BT27/5037","20215372","21-Sep 2021 07:45am","Chloride","5.900","mg/L"
"BT27/5037","20215372","21-Sep 2021 07:45am","Conductivity","36.5","mS/m"
"BT27/5037","20215372","21-Sep 2021 07:45am","Conductivity (Field)","35.47","mS/m"
"BT27/5037","20215372","21-Sep 2021 07:45am","Difference in Ion Balance","1.800","%"
"BT27/5037","20215372","21-Sep 2021 07:45am","Dissolved Oxygen","1.270","mg/L"
"BT27/5037","20215372","21-Sep 2021 07:45am","Dissolved Oxygen Saturation","12.100","%"
"BT27/5037","20215372","21-Sep 2021 07:45am","Dissolved Reactive Phosphorus","1.4100","mg/L"
"BT27/5037","20215372","21-Sep 2021 07:45am","E. coli","<1","MPN/100mL"
"BT27/5037","20215372","21-Sep 2021 07:45am","Fluoride","0.280","g/m3"
"BT27/5037","20215372","21-Sep 2021 07:45am","Hardness, Total","142.000","g/m3 as CaCO3"
"BT27/5037","20215372","21-Sep 2021 07:45am","Iron, Dissolved","1.520","mg/L"
"BT27/5037","20215372","21-Sep 2021 07:45am","Magnesium, Dissolved","10.800","mg/L"
"BT27/5037","20215372","21-Sep 2021 07:45am","Manganese, Dissolved","0.6400","mg/L"
"BT27/5037","20215372","21-Sep 2021 07:45am","Nitrate Nitrogen","<0.020","mg/L"
"BT27/5037","20215372","21-Sep 2021 07:45am","Nitrate-N Nitrite-N","<0.020","g/m3"
"BT27/5037","20215372","21-Sep 2021 07:45am","Nitrite Nitrogen","<0.020","mg/L"
"BT27/5037","20215372","21-Sep 2021 07:45am","Oxidation Reduction Potential","10.100","mV"
"BT27/5037","20215372","21-Sep 2021 07:45am","pH","7.9",""
"BT27/5037","20215372","21-Sep 2021 07:45am","pH (Field)","6.98",""
"BT27/5037","20215372","21-Sep 2021 07:45am","Potassium, Dissolved","1.130","mg/L"
"BT27/5037","20215372","21-Sep 2021 07:45am","Silica, Reactive","33.000","mg/L  as SiO2"
"BT27/5037","20215372","21-Sep 2021 07:45am","Sodium, Dissolved","30.000","mg/L"
"BT27/5037","20215372","21-Sep 2021 07:45am","Sulphate","<0.500","mg/L"
"BT27/5037","20215372","21-Sep 2021 07:45am","Sum of anions","4.100","meq/L"
"BT27/5037","20215372","21-Sep 2021 07:45am","Sum of cations","4.300","meq/L"
"BT27/5037","20215372","21-Sep 2021 07:45am","Total Coliforms","<1.00","number/100mL"
"BT27/5037","20215372","21-Sep 2021 07:45am","Total Dissolved Phosphorus","1.090","mg/L"
"BT27/5037","20215372","21-Sep 2021 07:45am","Water Temperature (Field)","12.5","C"
"BT27/5037","20214391","24-Jun 2021 07:30am","Alkalinity, Total","186.0","g/m3 as CaCO3"
"BT27/5037","20214391","24-Jun 2021 07:30am","Bicarbonate","220.000","mg/L  at 25°C"
"BT27/5037","20214391","24-Jun 2021 07:30am","Calcium, Dissolved","39.000","mg/L"
"BT27/5037","20214391","24-Jun 2021 07:30am","Chloride","5.600","mg/L"
"BT27/5037","20214391","24-Jun 2021 07:30am","Conductivity","36.4","mS/m"
"BT27/5037","20214391","24-Jun 2021 07:30am","Conductivity (Field)","44.36","mS/m"
"BT27/5037","20214391","24-Jun 2021 07:30am","Difference in Ion Balance","1.240","%"
"BT27/5037","20214391","24-Jun 2021 07:30am","Dissolved Oxygen","0.190","mg/L"
"BT27/5037","20214391","24-Jun 2021 07:30am","Dissolved Oxygen Saturation","1.800","%"
"BT27/5037","20214391","24-Jun 2021 07:30am","E. coli","<1","MPN/100mL"
"BT27/5037","20214391","24-Jun 2021 07:30am","Hardness, Total","138.000","g/m3 as CaCO3"
"BT27/5037","20214391","24-Jun 2021 07:30am","Magnesium, Dissolved","9.700","mg/L"
"BT27/5037","20214391","24-Jun 2021 07:30am","Nitrate Nitrogen","<0.050","mg/L"
"BT27/5037","20214391","24-Jun 2021 07:30am","Oxidation Reduction Potential","-69.400","mV"
"BT27/5037","20214391","24-Jun 2021 07:30am","pH","7.9",""
"BT27/5037","20214391","24-Jun 2021 07:30am","pH (Field)","6.94",""
"BT27/5037","20214391","24-Jun 2021 07:30am","Potassium, Dissolved","1.120","mg/L"
"BT27/5037","20214391","24-Jun 2021 07:30am","Silica, Reactive","34.000","mg/L  as SiO2"
"BT27/5037","20214391","24-Jun 2021 07:30am","Sodium, Dissolved","27.000","mg/L"
"BT27/5037","20214391","24-Jun 2021 07:30am","Sulphate","<0.500","mg/L"
"BT27/5037","20214391","24-Jun 2021 07:30am","Sum of anions","3.900","meq/L"
"BT27/5037","20214391","24-Jun 2021 07:30am","Sum of cations","4.000","meq/L"
"BT27/5037","20214391","24-Jun 2021 07:30am","Total Coliforms","<1.00","number/100mL"
"BT27/5037","20214391","24-Jun 2021 07:30am","Water Temperature (Field)","12.4","C"
"BT27/5037","20212110","17-Mar 2021 11:15am","Alkalinity, Total","187.0","g/m3 as CaCO3"
"BT27/5037","20212110","17-Mar 2021 11:15am","Bicarbonate","230.000","mg/L  at 25°C"
"BT27/5037","20212110","17-Mar 2021 11:15am","Calcium, Dissolved","39.000","mg/L"
"BT27/5037","20212110","17-Mar 2021 11:15am","Chloride","6.200","mg/L"
"BT27/5037","20212110","17-Mar 2021 11:15am","Conductivity","36.2","mS/m"
"BT27/5037","20212110","17-Mar 2021 11:15am","Conductivity (Field)","36.95","mS/m"
"BT27/5037","20212110","17-Mar 2021 11:15am","Difference in Ion Balance","1.260","%"
"BT27/5037","20212110","17-Mar 2021 11:15am","Dissolved Oxygen","1.730","mg/L"
"BT27/5037","20212110","17-Mar 2021 11:15am","Dissolved Oxygen Saturation","16.400","%"
"BT27/5037","20212110","17-Mar 2021 11:15am","E. coli","<1","MPN/100mL"
"BT27/5037","20212110","17-Mar 2021 11:15am","Hardness, Total","138.000","g/m3 as CaCO3"
"BT27/5037","20212110","17-Mar 2021 11:15am","Magnesium, Dissolved","10.000","mg/L"
"BT27/5037","20212110","17-Mar 2021 11:15am","Nitrate Nitrogen","<0.050","mg/L"
"BT27/5037","20212110","17-Mar 2021 11:15am","Oxidation Reduction Potential","-52.800","mV"
"BT27/5037","20212110","17-Mar 2021 11:15am","pH","7.8",""
"BT27/5037","20212110","17-Mar 2021 11:15am","pH (Field)","6.98",""
"BT27/5037","20212110","17-Mar 2021 11:15am","Potassium, Dissolved","1.150","mg/L"
"BT27/5037","20212110","17-Mar 2021 11:15am","Silica, Reactive","36.000","mg/L  as SiO2"
"BT27/5037","20212110","17-Mar 2021 11:15am","Sodium, Dissolved","28.000","mg/L"
"BT27/5037","20212110","17-Mar 2021 11:15am","Sulphate","<0.500","mg/L"
"BT27/5037","20212110","17-Mar 2021 11:15am","Sum of anions","3.900","meq/L"
"BT27/5037","20212110","17-Mar 2021 11:15am","Sum of cations","4.000","meq/L"
"BT27/5037","20212110","17-Mar 2021 11:15am","Total Coliforms","<1.00","number/100mL"
"BT27/5037","20212110","17-Mar 2021 11:15am","Water Temperature (Field)","13.3","C"
"BT27/5037","20206919","09-Dec 2020 12:45pm","Alkalinity, Total","188.0","g/m3 as CaCO3"
"BT27/5037","20206919","09-Dec 2020 12:45pm","Bicarbonate","230.000","mg/L  at 25°C"
"BT27/5037","20206919","09-Dec 2020 12:45pm","Calcium, Dissolved","39.000","mg/L"
"BT27/5037","20206919","09-Dec 2020 12:45pm","Chloride","6.100","mg/L"
"BT27/5037","20206919","09-Dec 2020 12:45pm","Conductivity","36.7","mS/m"
"BT27/5037","20206919","09-Dec 2020 12:45pm","Conductivity (Field)","35.34","mS/m"
"BT27/5037","20206919","09-Dec 2020 12:45pm","Difference in Ion Balance","0.760","%"
"BT27/5037","20206919","09-Dec 2020 12:45pm","Dissolved Oxygen","-0.070","mg/L"
"BT27/5037","20206919","09-Dec 2020 12:45pm","Dissolved Oxygen Saturation","-0.700","%"
"BT27/5037","20206919","09-Dec 2020 12:45pm","E. coli","<1","MPN/100mL"
"BT27/5037","20206919","09-Dec 2020 12:45pm","Hardness, Total","136.000","g/m3 as CaCO3"
"BT27/5037","20206919","09-Dec 2020 12:45pm","Magnesium, Dissolved","9.100","mg/L"
"BT27/5037","20206919","09-Dec 2020 12:45pm","Nitrate Nitrogen","<0.050","mg/L"
"BT27/5037","20206919","09-Dec 2020 12:45pm","Oxidation Reduction Potential","-76.600","mV"
"BT27/5037","20206919","09-Dec 2020 12:45pm","pH","7.8",""
"BT27/5037","20206919","09-Dec 2020 12:45pm","pH (Field)","7.03",""
"BT27/5037","20206919","09-Dec 2020 12:45pm","Potassium, Dissolved","1.120","mg/L"
"BT27/5037","20206919","09-Dec 2020 12:45pm","Silica, Reactive","35.000","mg/L  as SiO2"
"BT27/5037","20206919","09-Dec 2020 12:45pm","Sodium, Dissolved","26.000","mg/L"
"BT27/5037","20206919","09-Dec 2020 12:45pm","Sulphate","<0.500","mg/L"
"BT27/5037","20206919","09-Dec 2020 12:45pm","Sum of anions","3.900","meq/L"
"BT27/5037","20206919","09-Dec 2020 12:45pm","Sum of cations","3.900","meq/L"
"BT27/5037","20206919","09-Dec 2020 12:45pm","Total Coliforms","<1.00","number/100mL"
"BT27/5037","20206919","09-Dec 2020 12:45pm","Water Temperature (Field)","12.4","C"
"BT27/5037","20204871","10-Sep 2020 14:00pm","Alkalinity, Total","184.0","g/m3 as CaCO3"
"BT27/5037","20204871","10-Sep 2020 14:00pm","Ammoniacal Nitrogen","0.320","mg/L"
"BT27/5037","20204871","10-Sep 2020 14:00pm","Bicarbonate","220.000","mg/L  at 25°C"
"BT27/5037","20204871","10-Sep 2020 14:00pm","Bromide","0.060","g/m3"
"BT27/5037","20204871","10-Sep 2020 14:00pm","Calcium, Dissolved","38.000","mg/L"
"BT27/5037","20204871","10-Sep 2020 14:00pm","Chloride","6.100","mg/L"
"BT27/5037","20204871","10-Sep 2020 14:00pm","Conductivity","36.3","mS/m"
"BT27/5037","20204871","10-Sep 2020 14:00pm","Conductivity (Field)","35.95","mS/m"
"BT27/5037","20204871","10-Sep 2020 14:00pm","Difference in Ion Balance","0.610","%"
"BT27/5037","20204871","10-Sep 2020 14:00pm","Dissolved Oxygen","-0.030","mg/L"
"BT27/5037","20204871","10-Sep 2020 14:00pm","Dissolved Oxygen Saturation","-0.300","%"
"BT27/5037","20204871","10-Sep 2020 14:00pm","Dissolved Reactive Phosphorus","1.4000","mg/L"
"BT27/5037","20204871","10-Sep 2020 14:00pm","E. coli","<1","MPN/100mL"
"BT27/5037","20204871","10-Sep 2020 14:00pm","Fluoride","0.300","g/m3"
"BT27/5037","20204871","10-Sep 2020 14:00pm","Hardness, Total","136.000","g/m3 as CaCO3"
"BT27/5037","20204871","10-Sep 2020 14:00pm","Iron, Dissolved","1.580","mg/L"
"BT27/5037","20204871","10-Sep 2020 14:00pm","Magnesium, Dissolved","9.800","mg/L"
"BT27/5037","20204871","10-Sep 2020 14:00pm","Manganese, Dissolved","0.6100","mg/L"
"BT27/5037","20204871","10-Sep 2020 14:00pm","Nitrate Nitrogen","<0.002","mg/L"
"BT27/5037","20204871","10-Sep 2020 14:00pm","Nitrate-N Nitrite-N","0.004","g/m3"
"BT27/5037","20204871","10-Sep 2020 14:00pm","Nitrite Nitrogen","0.005","mg/L"
"BT27/5037","20204871","10-Sep 2020 14:00pm","pH","7.7",""
"BT27/5037","20204871","10-Sep 2020 14:00pm","pH (Field)","7.07",""
"BT27/5037","20204871","10-Sep 2020 14:00pm","Potassium, Dissolved","1.140","mg/L"
"BT27/5037","20204871","10-Sep 2020 14:00pm","Silica, Reactive","35.000","mg/L  as SiO2"
"BT27/5037","20204871","10-Sep 2020 14:00pm","Sodium, Dissolved","28.000","mg/L"
"BT27/5037","20204871","10-Sep 2020 14:00pm","Sulphate","<0.500","mg/L"
"BT27/5037","20204871","10-Sep 2020 14:00pm","Sum of anions","4.000","meq/L"
"BT27/5037","20204871","10-Sep 2020 14:00pm","Sum of cations","4.100","meq/L"
"BT27/5037","20204871","10-Sep 2020 14:00pm","Total Coliforms","<1.00","number/100mL"
"BT27/5037","20204871","10-Sep 2020 14:00pm","Water Temperature (Field)","12.4","C"
"BT27/5037","20203338","16-Jun 2020 13:00pm","Alkalinity, Total","185.0","g/m3 as CaCO3"
"BT27/5037","20203338","16-Jun 2020 13:00pm","Bicarbonate","220.000","mg/L  at 25°C"
"BT27/5037","20203338","16-Jun 2020 13:00pm","Calcium, Dissolved","40.000","mg/L"
"BT27/5037","20203338","16-Jun 2020 13:00pm","Chloride","5.900","mg/L"
"BT27/5037","20203338","16-Jun 2020 13:00pm","Conductivity","36.1","mS/m"
"BT27/5037","20203338","16-Jun 2020 13:00pm","Conductivity (Field)","35.56","mS/m"
"BT27/5037","20203338","16-Jun 2020 13:00pm","Difference in Ion Balance","2.900","%"
"BT27/5037","20203338","16-Jun 2020 13:00pm","Dissolved Oxygen","0.010","mg/L"
"BT27/5037","20203338","16-Jun 2020 13:00pm","Dissolved Oxygen Saturation","0.100","%"
"BT27/5037","20203338","16-Jun 2020 13:00pm","E. coli","<1","MPN/100mL"
"BT27/5037","20203338","16-Jun 2020 13:00pm","Hardness, Total","142.000","g/m3 as CaCO3"
"BT27/5037","20203338","16-Jun 2020 13:00pm","Magnesium, Dissolved","10.400","mg/L"
"BT27/5037","20203338","16-Jun 2020 13:00pm","Nitrate Nitrogen","<0.050","mg/L"
"BT27/5037","20203338","16-Jun 2020 13:00pm","Oxidation Reduction Potential","-89.700","mV"
"BT27/5037","20203338","16-Jun 2020 13:00pm","pH","7.9",""
"BT27/5037","20203338","16-Jun 2020 13:00pm","pH (Field)","7.09",""
"BT27/5037","20203338","16-Jun 2020 13:00pm","Potassium, Dissolved","1.140","mg/L"
"BT27/5037","20203338","16-Jun 2020 13:00pm","Silica, Reactive","36.000","mg/L  as SiO2"
"BT27/5037","20203338","16-Jun 2020 13:00pm","Sodium, Dissolved","28.000","mg/L"
"BT27/5037","20203338","16-Jun 2020 13:00pm","Sulphate","<0.500","mg/L"
"BT27/5037","20203338","16-Jun 2020 13:00pm","Sum of anions","3.900","meq/L"
"BT27/5037","20203338","16-Jun 2020 13:00pm","Sum of cations","4.100","meq/L"
"BT27/5037","20203338","16-Jun 2020 13:00pm","Total Coliforms","<1.00","number/100mL"
"BT27/5037","20203338","16-Jun 2020 13:00pm","Water Temperature (Field)","12.5","C"
"BT27/5037","20202039","04-Mar 2020 13:05pm","Alkalinity, Total","185.0","g/m3 as CaCO3"
"BT27/5037","20202039","04-Mar 2020 13:05pm","Bicarbonate","220.000","mg/L  at 25°C"
"BT27/5037","20202039","04-Mar 2020 13:05pm","Calcium, Dissolved","35.000","mg/L"
"BT27/5037","20202039","04-Mar 2020 13:05pm","Chloride","6.000","mg/L"
"BT27/5037","20202039","04-Mar 2020 13:05pm","Conductivity","35.7","mS/m"
"BT27/5037","20202039","04-Mar 2020 13:05pm","Difference in Ion Balance","3.000","%"
"BT27/5037","20202039","04-Mar 2020 13:05pm","E. coli","<1","MPN/100mL"
"BT27/5037","20202039","04-Mar 2020 13:05pm","Hardness, Total","123.000","g/m3 as CaCO3"
"BT27/5037","20202039","04-Mar 2020 13:05pm","Magnesium, Dissolved","9.000","mg/L"
"BT27/5037","20202039","04-Mar 2020 13:05pm","Nitrate Nitrogen","0.050","mg/L"
"BT27/5037","20202039","04-Mar 2020 13:05pm","pH","7.8",""
"BT27/5037","20202039","04-Mar 2020 13:05pm","Potassium, Dissolved","1.070","mg/L"
"BT27/5037","20202039","04-Mar 2020 13:05pm","Silica, Reactive","38.000","mg/L  as SiO2"
"BT27/5037","20202039","04-Mar 2020 13:05pm","Sodium, Dissolved","26.000","mg/L"
"BT27/5037","20202039","04-Mar 2020 13:05pm","Sulphate","<0.500","mg/L"
"BT27/5037","20202039","04-Mar 2020 13:05pm","Sum of anions","3.900","meq/L"
"BT27/5037","20202039","04-Mar 2020 13:05pm","Sum of cations","3.600","meq/L"
"BT27/5037","20202039","04-Mar 2020 13:05pm","Total Coliforms","11.0","number/100mL"